preferredName,NEDname,z,degreesJ2000RA_Dec,J2000RA_Dec,galacticLong_Lat,helioVelocity (km/s),vcorr (km/s),distvcorr (Mpc),zIndependentDist_mean_median_std_min_max (Mpc),bestDistance (Mpc),distErr (Mpc),angDiameters (arcsec),angDiameters_err (arcsec),linDiameters (kpc),linDiameters_err (kpc),inc (deg),adjustedInc (deg),incErr (deg),PA (deg),diameterKey,RC3_type,RC3_d25 (arcsec),RC3_r25,RC3_pa (deg),group_dist_std (Mpc),groupInfo,morphology,distanceIndicator,luminosityClass,E(B-V),B_median,B_median_key,B_max,B_max_key,B_min,B_min_key,B_sdss,g_sdss,r_sdss,z_sdss,Lstar_median,Lstar_median_err,Lstar_max,Lstar_max_err,Lstar_min,Lstar_min_err,Lstar_sdss,Lstar_sdss_err,altNames
PGC047728,PGC047728,0.00461,"(203.332, -53.35469)","((13, 33, 19.68), (-53, 21, 16.884))","(309.23806200000001, 9.0034379999999992)",1382,1495.41,21.06215678,"[3.6, 3.6, 0.74, 3.6, 3.6]",3.6,0.74,"(147.3, 64.81)","(7.4, 3.2)","(2.571, 1.131)","(0.53, 0.23)",64.0,66.0,2.0,30,"['K_s (2MASS ""total"")', 'K_s (2MASS ""total"")', 'K_s (2MASS ""total"")']",.LXS0P*,106.6967646,0.602559586,37,[],[],SAB(s)0^0^ pec:,TF,x,0.2578,x,x,x,x,x,x,x,x,x,x,x,x,x,x,x,x,x,x,"['ESO174-G001', 'ESO133011-5305.9', 'WKK2332', '2MASXJ13331968-5321170', 'IRAS13301-5305', 'SGC133011-5305.9', '2MIG1869', 'PGC047728', 'PGC047728']"
PGC044681,PGC044681,0.002753,"(194.98458, -19.41306)","((12, 59, 56.2992), (-19, 24, 47.016))","(305.69147299999997, 43.413169000000003)",825,1075.62,15.14969732,"[6.895, 6.89, 0.005, 6.89, 6.9]",6.89,0.00,"(102.3, 57.28)","(1.4, 1.6)","(3.416, 1.913)","(0.051, 0.056)",56.0,58.0,1.0,x,"['RC3 D_0 (blue)', 'RC3 D_25, R_25 (blue)', None]",.IA.9*.,97.30860584,0.562341325,x,[],[],IAm:,TF,LC V-VI,0.0832,x,x,x,x,x,x,x,x,x,x,x,x,x,x,x,x,x,x,"['KK176', 'GALEXASCJ125956.60-192445.7', 'SGC1257.3-1909', 'HIPASSJ1259-19', 'PGC044681', 'SIGRID56', '[KK98]176', '[KK98]125717.1-190826', 'PGC044681']"
SDSSJ080158.89+212219.1,SDSSJ080158.89+212219.1,0.004797,"(120.49542, 21.372)","((8, 1, 58.9008), (21, 22, 19.2))","(200.49747300000001, 24.662186999999999)",1438,1571.96,22.14035705,"['x', 'x', 'x', 'x', 'x']",22.14,2.21,"(26.14, 11.5)","(0.3, 0.7)","(2.806, 1.235)","(0.32, 0.21)",64.0,66.0,2.0,105,"['r (SDSS Isophotal)', 'r (SDSS de Vaucouleurs)', 'r (SDSS Isophotal)']",x,x,x,x,[],[],x,x,x,0.0433,x,x,x,x,x,x,17.8,17.487,17.104,16.874,x,x,x,x,x,x,0.00606,0.00279,"['SDSSJ080158.89+212219.1', 'SDSSJ080158.90+212219.1', 'SDSSJ080158.90+212219.2', 'GALEXASCJ080158.75+212219.5', 'GALEXMSCJ080158.72+212219.6', 'ASK363290.0', 'NSA064293', 'KIG0221:[VOV2007]018', 'SDSSJ080158.89+212219.1']"
GALEXASCJ012452.49-765405.9,GALEXASCJ012452.49-765405.9,0.005658,"(21.22167, -76.90167)","((01, 24, 53.20), (-76, 54, 06.0))","(300.46367, -40.06579)",1696,1566.43,22.06243126,"['x', 'x', 'x', 'x', 'x']",22.06,2.20,"('x', 'x')","('x', 'x')","('x', 'x')","('x', 'x')",x,x,x,x,"['x', 'x', 'x']",x,x,x,x,[],[],x,x,x,0.0415,16.5,B_J,16.5,B_J,16.5,B_J,x,x,x,x,0.0214,0.00986,0.0214,0.00986,0.0214,0.00986,x,x,"['IRASF01244-7708', 'HIPASSJ0124-76', 'IRASF01244-7708ID', 'GALEXASCJ012452.49-765405.9']"
2MASXiJ0936057-204656,2MASXiJ0936057-204656,0.007589,"(144.02283, -20.78156)","((09, 36, 05.480), (-20, 46, 53.60))","(253.206617, 22.699655)",2275,2451.88,34.53354674,"['x', 'x', 'x', 'x', 'x']",34.53,3.45,"('x', 'x')","('x', 'x')","('x', 'x')","('x', 'x')",x,x,x,x,"['x', 'x', 'x']",x,x,x,x,[],[],x,x,x,0.0502,x,x,x,x,x,x,x,x,x,x,x,x,x,x,x,x,x,x,"['2MASXiJ0936057-204656', 'GALEXASCJ093605.53-204651.3', '6dFJ0936055-204654', 'LEDA837047 ']"
2MASXiJ1046038-094841,2MASXiJ1046038-094841,0.007909,"(161.51704, -9.81217)","((10, 46, 04.09),  (-09, 48, 43.8))","(259.182392, 42.166582)",2371,2620.10,36.90291456,"['x', 'x', 'x', 'x', 'x']",36.90,3.69,"('x', 'x')","('x', 'x')","('x', 'x')","('x', 'x')",x,x,x,x,"['x', 'x', 'x']",x,x,x,x,[],[],x,x,x,0.0289,x,x,x,x,x,x,x,x,x,x,x,x,x,x,x,x,x,x,"['2MASXiJ1046038-094841', 'GALEXASCJ104604.11-094843.7', '6dFJ1046040-094844', '6dFJ1046041-094844']"
COSMOS1362316,COSMOS1362316,0.01,"(149.72348, 2.08661)","((9, 58, 53.6352), (2, 5, 11.796))","(236.64480399999999, 41.730359999999997)",2998,3233.61,45.54392602,"['x', 'x', 'x', 'x', 'x']",45.54,4.55,"('x', 'x')","('x', 'x')","('x', 'x')","('x', 'x')",x,x,x,x,"['x', 'x', 'x']",x,x,x,x,[],[],x,x,x,0.0169,x,x,x,x,x,x,x,x,x,x,x,x,x,x,x,x,x,x,"['COSMOS1362316', 'ACS-GC20073435', 'COSMOS1362316']"
PGC067408,PGC067408,0.010012,"(327.25408, -59.97858)","((21, 49, 0.9792), (-59, 58, 42.888))","(333.26487600000002, -44.936691000000003)",3002,2831.03,39.87366633,"['x', 'x', 'x', 'x', 'x']",39.87,3.98,"(35.9, 19.75)","(1.8, 0.99)","(6.94, 3.817)","(0.69, 0.38)",57.0,58.0,3.0,45,"['K_s (2MASS ""total"")', 'ESO-LV ""Quick Blue"" IIa-O', 'K_s (2MASS ""total"")']",x,x,x,x,[],[],S...,x,x,0.0308,15.2,b_J,14.9,B_J,15.3,B (Cousins) (B_25),x,x,x,x,0.223,0.105,0.28,0.129,0.189,0.0883,x,x,"['ESO145-GA015', 'ESO214524-6012.7', '2MASXJ21490097-5958423', 'ESO-LV1452150', '6dFJ2149008-595845', 'APMBGC145-087+007', 'APMUKS(BJ)B214523.55-601244.2', 'HIPASSJ2148-59', 'MRSS145-044674', 'PGC067408', 'PGC067408']"
LEDA087291,LEDA087291,0.011308,"(41.32042, 9.55111)","((2, 45, 16.9008), (9, 33, 3.996))","(163.80782500000001, -44.100527999999997)",3390,3163.62,44.55805026,"['x', 'x', 'x', 'x', 'x']",44.55,4.45,"('x', 'x')","('x', 'x')","('x', 'x')","('x', 'x')",x,x,x,x,"['x', 'x', 'x']",x,x,x,x,[],[],Sm/Im,x,x,0.1782,x,x,x,x,x,x,x,x,x,x,x,x,x,x,x,x,x,x,"['LSBCF687-V2', 'LEDA087291', 'LEDA087291']"
SDSSJ115621.32+312536.9,SDSSJ115621.32+312536.9,0.011338,"(179.08888, 31.42694)","((11, 56, 21.3312), (31, 25, 36.984))","(189.95081300000001, 77.254137)",3399,3681.26,51.84874995,"['x', 'x', 'x', 'x', 'x']",51.84,5.18,"(54.94, 28.02)","(0.45, 0.73)","(13.81, 7.043)","(1.5, 0.91)",59.0,61.0,0.9,15,"['r (SDSS Isophotal)', 'r (SDSS de Vaucouleurs)', 'r (SDSS Isophotal)']",x,x,x,x,[],[],x,x,x,0.0167,x,x,x,x,x,x,16.6,16.281,15.857,15.728,x,x,x,x,x,x,0.0924,0.0426,"['SDSSJ115621.32+312536.9', 'SDSSJ115621.33+312537.0', 'ASK503738.0', 'MAPS-NGPO_320_0081629', 'NSA087562', '[TTL2012]487024', 'SDSSJ115621.32+312536.9']"
SDSSJ105653.41+653956.0,SDSSJ105653.41+653956.0,0.011338,"(164.22258, 65.66558)","((10, 56, 53.4192), (65, 39, 56.088))","(139.93024199999999, 47.505569999999999)",3399,3571.44,50.30199906,"['x', 'x', 'x', 'x', 'x']",50.30,5.03,"(19.34, 8.51)","(0.27, 0.69)","(4.717, 2.075)","(0.54, 0.39)",64.0,66.0,2.0,78,"['r (SDSS Isophotal)', 'r (SDSS deVaucouleurs)', 'r (SDSS deVaucouleurs)']",x,x,x,x,[],[],x,x,x,0.0306,x,x,x,x,x,x,17.7,17.364,17.121,16.884,x,x,x,x,x,x,0.0352,0.0162,"['SDSSJ105653.41+653956.0', 'SDSSJ105653.41+653956.1', 'SDSSJ105653.42+653956.1', 'GALEXASCJ105653.37+653956.7', 'GALEXMSCJ105653.36+653956.9', 'ASK064180.0', 'NSA012777', '[PVK2003]J164.22255+65.66559', '[TTL2012]374212', 'SDSSJ105653.41+653956.4', 'SDSSJ105653.41+653956.0']"
MCG-03-02-013,MCG-03-02-013,0.011339,"(6.3732, -14.55365)","((0, 25, 29.568), (-14, 33, 13.14))","(95.963341999999997, -76.048305999999997)",3399,3099.12,43.649679,"['x', 'x', 'x', 'x', 'x']",43.64,4.36,"(95.81, 12.45)","(1.0, 16.0)","(20.27, 2.636)","(2.3, 3.9)",83.0,90.0,10.0,81,"['POSS1 103a-O', 'POSS1 103a-O', 'RC3 D_25, R_25 (blue)']",.SBS7*/,101.8946191,0.158489319,81,[],[],SB(s)d: sp,x,LC IV,0.0278,15.4,b_J,15.4,b_J,15.4,B_J,x,x,x,x,0.218,0.103,0.218,0.103,0.206,0.0948,x,x,"['MCG-03-02-013', 'APMUKS(BJ)B002257.89-144950.1', 'HIPASSJ0025-14', 'NSA126908', 'PGC001575', 'MCG-03-02-013']"
HIPASSJ1228-38b,2MASXJ12284033-3819015,0.011339,"(187.16796, -38.31706)","((12, 28, 40.3104), (-38, 19, 1.416))","(298.03291999999999, 24.338085)",3399,3586.77,50.51789298,"['x', 'x', 'x', 'x', 'x']",50.51,5.05,"(27.3, 16.93)","(1.4, 0.85)","(6.686, 4.145)","(0.67, 0.41)",52.0,53.0,3.0,55,"['K_s (2MASS ""total"")', 'K_s (2MASS ""total"")', 'K_s (2MASS ""total"")']",x,x,x,x,[],[],x,x,x,0.0627,x,x,x,x,x,x,x,x,x,x,x,x,x,x,x,x,x,x,"['2MASXJ12284033-3819015', '2MASXJ12284033-3819015ID', 'HIPASSJ1228-38b', '2MASXJ12284033-3819015']"
PGC001452,ESO194-G013,0.011341,"(5.65858, -48.58114)","((0, 22, 38.0592), (-48, 34, 52.104))","(315.62700599999999, -67.830906999999996)",3400,3156.25,44.45426676,"['x', 'x', 'x', 'x', 'x']",44.45,4.44,"(76.9, 65.37)","(3.8, 3.3)","(16.57, 14.09)","(1.7, 1.4)",32.0,33.0,7.0,50,"['K_s (2MASS ""total"")', 'ESO-LV ""Quick Blue"" IIa-O', 'K_s (2MASS ""total"")']",.SXR6..,75.53552471,0.812830516,47,[],[],SAB(r)c,x,LC III-IV,0.0156,14.0,B (m_B),13.6,b_J,14.1,B (Cousins) (B_25),x,x,x,x,0.793,0.396,1.13,0.533,0.697,0.326,x,x,"['ESO194-G013', 'ESO002012-4851.5', 'FAIRALL0650', '2MASXJ00223807-4834522', 'SGC002012-4851.5', 'ESO-LV1940130', 'APMBGC194+088-065', 'APMUKS(BJ)B002011.52-485128.3', 'MRSS194-107839', 'PGC001452', 'SUMSSJ002238-483451', 'SCG0018-4854:[PDI2007]E', 'ESO194-G013']"
IRAS20168-0528,2MASXJ20193103-0519231,0.011341,"(304.87942, -5.32308)","((20, 19, 31.0608), (-5, 19, 23.088))","(38.356731000000003, -21.996165999999999)",3400,3256.66,45.86849705,"['x', 'x', 'x', 'x', 'x']",45.86,4.58,"(86.5, 41.52)","(4.3, 2.1)","(19.24, 9.233)","(1.9, 0.92)",61.0,64.0,2.0,105,"['K_s (2MASS ""total"")', 'K_s (2MASS ""total"")', 'K_s (2MASS ""total"")']",x,x,x,x,[],[],HII,x,x,0.0673,x,x,x,x,x,x,x,x,x,x,x,x,x,x,x,x,x,x,"['2MASXJ20193103-0519231', '2MASXiJ2019311-051922', 'GALEXASCJ201931.00-051921.2', 'IRAS20168-0528', 'IRASF20168-0528', 'AKARIJ2019312-051917', '6dFJ2019311-051923', 'LEDA090358', 'NVSSJ201931-051921', '2MASXJ20193103-0519231']"
RR242:[GTR2007]23187,RR242:[GTR2007]23187,0.011341,"(200.38754, -43.66194)","((13, 21, 33.0096), (-43, 39, 42.984))","(308.680429, 18.873494999999998)",3400,3559.23,50.13000677,"['x', 'x', 'x', 'x', 'x']",50.13,5.01,"('x', 'x')","('x', 'x')","('x', 'x')","('x', 'x')",x,x,x,x,"['x', 'x', 'x']",x,x,x,x,[],[],SB0,x,x,0.1238,x,x,x,x,x,x,x,x,x,x,x,x,x,x,x,x,x,x,"['RR242:[GTR2007]23187', 'RR242:[GTR2007]23187']"
GALEXASCJ222437.85-273358.0,GALEXASCJ222437.85-273358.0,0.011342,"(336.15768, -27.56584)","((22, 24, 37.8432), (-27, 33, 57.024))","(23.52525, -57.518546999999998)",3400,3145.88,44.30823303,"['x', 'x', 'x', 'x', 'x']",44.30,4.43,"('x', 'x')","('x', 'x')","('x', 'x')","('x', 'x')",x,x,x,x,"['x', 'x', 'x']",x,x,x,x,[],[],x,x,x,0.0163,19.5,b_J,19.5,b_J,19.5,b_J,x,x,x,x,0.00498,0.00236,0.00498,0.00236,0.00498,0.00236,x,x,"['GALEXASCJ222437.85-273358.0', 'GALEXMSCJ222437.82-273356.8', '2dFGRSS179Z093', 'APMUKS(BJ)B222149.70-274911.4', 'MRSS467-030658', 'LEDA3221270', 'GALEXASCJ222437.85-273358.0']"
SDSSJ150804.21+551954.0,SDSSJ150804.21+551954.0,0.011342,"(227.01754, 55.33167)","((15, 8, 4.2096), (55, 19, 54.012))","(91.242925, 52.555664)",3400,3582.19,50.45342418,"['x', 'x', 'x', 'x', 'x']",50.45,5.04,"(25.64, 22.05)","(0.3, 0.4)","(6.273, 5.395)","(0.71, 0.65)",31.0,31.0,2.0,172,"['r (SDSS Isophotal)', 'r (SDSS de Vaucouleurs)', 'r (SDSS Isophotal)']",x,x,x,x,[],[],x,x,x,0.0119,x,x,x,x,x,x,17.2,16.876,16.573,16.47,x,x,x,x,x,x,0.0517,0.0238,"['SDSSJ150804.21+551954.0', 'SDSSJ150804.22+551953.9', 'ASK161543.0', 'NSA028352', '[TTL2012]359670', 'SDSSJ150804.24+551954.1', 'SDSSJ150804.21+551954.0']"
PGC031645,ESO437-G026,0.011344,"(159.67633, -28.26057)","((10, 38, 42.3192), (-28, 15, 38.052))","(270.459992, 26.114746)",3401,3598.45,50.68249313,"['x', 'x', 'x', 'x', 'x']",50.68,5.06,"(82.84, 8.284)","(3.1, 10.0)","(20.36, 2.036)","(2.9, 3.0)",84.0,90.0,7.0,42,"['ESO-LV ""Quick Blue"" IIa-O', 'ESO-LV ""Quick Blue"" IIa-O', 'ESO-LV ""Quick Blue"" IIa-O']",x,x,x,x,[],[],Sd,x,x,0.051,17.5,B (Cousins) (B_26),17.4,B (Cousins) (B_T),17.8,B (Cousins) (B_25),x,x,x,x,0.0437,0.0205,0.0498,0.0233,0.0348,0.0163,x,x,"['ESO437-G026', 'ESO103621-2800.0', 'FGCE0831', 'RFGC1850', 'GALEXASCJ103842.38-281535.9', 'ESO-LV4370260', 'PGC031645', 'ABELL1060:[R89]398', 'ABELL1060:[CZ2003]A0494[059]', 'ESO437-G026']"
MCG-04-30-013,ESO507-G006,0.011344,"(191.14292, -24.27525)","((12, 44, 34.3008), (-24, 16, 30.9))","(300.93042800000001, 38.569848)",3401,3639.16,51.25578454,"['x', 'x', 'x', 'x', 'x']",51.25,5.12,"(55.3, 26.54)","(2.8, 1.3)","(13.74, 6.596)","(1.4, 0.66)",61.0,64.0,2.0,15,"['K_s (2MASS ""total"")', 'K_s (2MASS ""total"")', 'K_s (2MASS ""total"")']",x,x,x,x,[],[],Sab,x,x,0.08,15.3,B (Cousins) (B_26),15.2,B (Cousins) (B_T),15.3,B (Cousins) (B_25),x,x,x,x,0.39,0.182,0.423,0.198,0.355,0.166,x,x,"['ESO507-G006', 'ESO124155-2400.2', 'MCG-04-30-013', 'LCSBS1756O', '2MASXJ12443430-2416309', '2MASXiJ1244342-241631', 'ESO-LV5070060', '6dFJ1244342-241631', '6dFJ1244343-241631', 'GSC668400338', 'PGC042905', 'PGC042923', 'ESO507-G006']"
IC4736,IC4736,0.011344,"(279.66588, -57.89328)","((18, 38, 39.8112), (-57, 53, 35.808))","(337.597419, -21.093548999999999)",3401,3336.30,46.99026796,"[39.756, 37.4, 7.818, 31.0, 55.9]",37.4,7.81,"(68.2, 34.1)","(3.4, 1.7)","(12.37, 6.183)","(2.6, 1.3)",60.0,62.0,2.0,115,"['K_s (2MASS ""total"")', 'K_s (2MASS ""total"")', 'K_s (2MASS ""total"")']",.SBS8..,99.57521445,0.562341325,99,[],[],SB(s)dm,TF,LC IV-V,0.0741,14.6,B (Cousins) (B_T),14.0,B_J,14.8,B (Cousins) (B_25),x,x,x,x,0.371,0.359,0.626,0.603,0.317,0.307,x,x,"['IC4736', 'ESO140-G034', 'ESO183420-5756.3', '2MASXJ18383941-5753423', '2MASXJ18383982-5753357', 'IRASF18343-5756', 'SGC183420-5756.3', 'ESO-LV1400340', 'AGC032005', 'HIPASSJ1838-57', 'PGC062181', 'IC4736']"
SBS1430+526,SBS1430+526,0.011344,"(218.13975, 52.41289)","((14, 32, 33.54), (52, 24, 46.404))","(93.073172, 58.452606000000003)",3401,3606.50,50.79587352,"['x', 'x', 'x', 'x', 'x']",50.79,5.07,"(40.29, 18.13)","(0.38, 0.73)","(9.921, 4.465)","(1.1, 0.64)",63.0,66.0,1.0,151,"['r (SDSS Isophotal)', 'r (SDSS Isophotal)', 'r (SDSS Isophotal)']",x,x,x,x,[],[],Spiral         BCD,x,x,0.0084,x,x,x,x,x,x,16.4,16.125,15.952,15.988,x,x,x,x,x,x,0.108,0.0496,"['SBS1430+526', 'SBS1430+526A', 'KUG1430+526', 'SDSSJ143233.53+522446.2', 'SDSSJ143233.53+522446.3', 'SDSSJ143233.54+522446.4', 'GALEXMSCJ143233.47+522449.0', 'CG0470', 'ASK302410.0', 'MAPS-NGPO_135_0160125', 'NSA053274', 'PGC051961', '[TTL2012]086162', 'SDSSJ143233.53+522446.6', 'SBS1430+526']"
2MASXJ23112203-2315247,2MASXJ23112203-2315247,0.011345,"(347.84188, -23.25689)","((23, 11, 22.0512), (-23, 15, 24.804))","(37.084789999999998, -67.073070000000001)",3401,3120.40,43.94933392,"['x', 'x', 'x', 'x', 'x']",43.94,4.39,"(35.5, 16.33)","(1.8, 0.82)","(7.564, 3.479)","(0.76, 0.35)",63.0,65.0,2.0,45,"['K_s (2MASS ""total"")', 'K_s (2MASS ""total"")', 'K_s (2MASS ""total"")']",x,x,x,x,[],[],x,x,x,0.0205,x,x,x,x,x,x,x,x,x,x,x,x,x,x,x,x,x,x,"['2MASXJ23112203-2315247', '2MASXiJ2311220-231525', 'GALEXASCJ231121.88-231524.1', 'DUKST535-017', '6dFJ2311220-231525', 'MRSS535-040404', 'LEDA195134', '2MASXJ23112203-2315247']"
NGC6851A,NGC6851A,0.011347,"(301.45214, -47.97825)","((20, 5, 48.5136), (-47, 58, 41.7))","(351.30523399999998, -31.917573999999998)",3402,3270.42,46.06234596,"[31.6, 31.1, 7.203, 21.7, 41.3]",31.1,7.20,"(82.84, 43.91)","(3.1, 6.9)","(12.49, 6.62)","(3.5, 2.8)",58.0,60.0,6.0,54,"['ESO-LV ""Quick Blue"" IIa-O', 'ESO-LV ""Quick Blue"" IIa-O', 'ESO-LV ""Quick Blue"" IIa-O']",.S..4*/,79.09540431,0.416869383,54,[],[],(R')SB(s)m,TF,LC II-III,0.0472,14.9,B (Cousins) (B_T),14.1,B_J,15.0,B (Cousins) (B_25),x,x,x,x,0.184,0.196,0.361,0.386,0.161,0.173,x,x,"['NGC6851A', 'NGC6861A', 'ESO233-G025', 'ESO200211-4807.3', 'AM2002-480', 'GALEXASCJ200549.06-475840.9', 'SGC200211-4807.3', 'ESO-LV2330250', 'RR311b', 'HIPASSJ2005-47', 'PGC064086', 'NGC6851A']"
UGC04043,UGC04043,0.011348,"(117.69279, 54.36222)","((7, 50, 46.2696), (54, 21, 43.992))","(163.61196899999999, 30.221374000000001)",3402,3517.37,49.54044048,"[70.342, 77.3, 12.902, 52.5, 88.0]",77.3,12.90,"(159.5, 22.33)","(8.0, 1.1)","(59.77, 8.368)","(10.0, 1.4)",82.0,90.0,0.6,5,"['K_s (2MASS ""total"")', 'K_s (2MASS ""total"")', 'K_s (2MASS ""total"")']",.S..7..,125.3577679,0.112201845,5,[],[],Sc,TF,LC IV,0.04,13.3,B (m_B^0),13.3,B (m_B^0),14.8,B (m_B),x,x,x,x,4.63,3.56,4.63,3.56,1.21,0.95,x,x,"['UGC04043', 'CGCG262-037', 'CGCG0746.8+5429', 'MCG+09-13-072', 'FGC0665', 'RFGC1265', '2MFGC06220', '2MASXJ07504626+5421439', 'GALEXASCJ075046.32+542141.6', 'IRAS07468+5429', 'IRASF07468+5429', 'PGC021970', 'UZCJ075046.2+542144', 'NVSSJ075046+542145', 'UGC04043']"
NGC3249,NGC3249,0.011348,"(156.59254, -34.96369)","((10, 26, 22.2096), (-34, 57, 49.284))","(272.07220000000001, 19.072004)",3402,3570.63,50.29066154,"[44.8, 44.8, 1.62, 44.8, 44.8]",44.8,1.62,"(108.8, 87.04)","(5.4, 4.4)","(23.63, 18.9)","(0.85, 0.68)",37.0,38.0,5.0,139,"['K_s (2MASS ""total"")', 'POSS1 103a-E', 'ESO-LV ""Quick Blue"" IIa-O']",.SXT6*.,95.09359155,0.812830516,139,[],[],SAB(rs)cd:     HII,TF,LC III-IV,0.0812,13.9,B (Cousins) (B_T),13.3,B (m_B^0),13.9,B (Cousins) (B_25),x,x,x,x,1.07,0.2,1.73,0.29,0.998,0.186,x,x,"['NGC3249', 'ESO375-G024', 'ESO102407-3442.5', 'MCG-06-23-028', '2MASXJ10262222-3457493', 'GALEXASCJ102622.11-345748.4', 'IRAS10240-3442', 'SGC102407-3442.5', 'ESO-LV3750240', '6dFJ1026222-345749', 'LDCE0729NED067', 'HDCE0587NED001', 'AGC027127', 'PGC030657', 'NVSSJ102622-345746', 'AntliaGROUP:[FS90]028', 'LGG203:[G93]001', 'NGC3249']"
IC5063,IC5063,0.011348,"(313.00975, -57.06878)","((20, 52, 2.34), (-57, 4, 7.608))","(339.99116600000002, -38.735639999999997)",3402,3251.70,45.79868105,"[37.867, 32.7, 11.343, 26.1, 58.3]",32.7,11.34,"(118.9, 79.66)","(5.9, 4.0)","(18.85, 12.63)","(6.5, 4.4)",48.0,49.0,4.0,125,"['K_s (2MASS ""total"")', 'ESO-LV ""Quick Blue"" IIa-O', 'K_s (2MASS ""total"")']",.LAS+*.,128.2777254,0.676082975,116,[],[],SA(s)0+:       Sy2,FJ,x,0.0526,12.9,B (Cousins) (B_T),12.6,B (B_T^0),13.2,B (Cousins) (B_25),x,x,x,x,1.25,2.01,1.72,2.74,1.01,1.62,x,x,"['IC5063', 'ESO187-G023', 'ESO204812-5715.5', 'AM2048-571', 'PKS2048-57', '2MASXJ20520232-5704076', 'IRAS20481-5715', 'IRASF20482-5715', 'AKARIJ2052024-570407', 'SGC204812-5715.5', 'ESO-LV1870230', 'RR331a', '6dFJ2052022-570408', '6dFJ2052023-570408', 'LQAC313-057001', 'APMBGC187+042+117', 'APMUKS(BJ)B204812.01-571526.0', 'PGC065600', 'PKSB2048-572', 'PKSJ2052-5704', 'PMNJ2051-5704', 'PMNM204806.1-571518', 'MRC2048-572', 'SUMSSJ205202-570406', 'AT20GJ205202-570407', 'MSH20-507', 'SPT-SJ205202-5704.1', '2PBCJ2052.0-5704', 'PBCJ2052.0-5704', '1AXGJ205201-5703', 'XSSJ20501-5646', 'SWIFTJ2052.0-5703', 'SWIFTJ2052.0-5704', 'SWIFTJ2052.1-5703', '[dML87]512', '[Sdd95]432a', '[VCV2001]J205202.2-570407', '[VCV2006]J205202.2-570407', '[WMR2009]138', '[MSC2011]J205202.25-570409.1', '[BTM2013]1092', '[AHG2014]B071', 'IC5063']"
IRAS04416+2809,IRAS04416+2809,0.011351,"(71.18239, 28.24906)","((4, 44, 43.7736), (28, 14, 56.616))","(172.79202799999999, -11.295932000000001)",3403,3323.48,46.80966274,"['x', 'x', 'x', 'x', 'x']",46.80,4.68,"('x', 'x')","('x', 'x')","('x', 'x')","('x', 'x')",x,x,x,x,"['x', 'x', 'x']",x,x,x,x,[],[],x,x,x,0.7357,x,x,x,x,x,x,x,x,x,x,x,x,x,x,x,x,x,x,"['IRAS04416+2809', 'LEDA100769', 'IRAS04416+2809']"
NGC3394,NGC3394,0.011353,"(162.66602, 65.72721)","((10, 50, 39.8448), (65, 43, 37.956))","(140.593887, 47.045721)",3404,3574.91,50.35089231,"[69.083, 65.8, 18.878, 34.9, 85.9]",65.8,18.87,"(148.1, 100.7)","(7.4, 5.0)","(47.25, 32.13)","(14.0, 9.2)",47.0,48.0,4.0,80,"['K_s (2MASS ""total"")', 'K_s (2MASS ""total"")', 'K_s (2MASS ""total"")']",.SAT5..,114.3276431,0.741310241,35,[],[],SA(rs)c,TF,LC III,0.0112,12.9,B (m_B^0),12.9,B (m_B^0),13.1,B (m_B),14.1,13.69,13.118,12.848,4.68,6.18,4.68,6.18,3.86,5.14,1.53,2.02,"['NGC3394', 'UGC05937', 'CGCG313-036', 'CGCG1047.2+6559', 'MCG+11-13-041', '2MASXJ10503976+6543377', '2MASXiJ1050392+654338', 'SDSSJ105039.84+654337.9', 'SDSSJ105039.84+654338.0', 'SDSSJ105039.85+654337.9', 'SDSSJ105039.85+654338.2', 'IRAS10473+6559', 'IRASF10473+6559', 'ASK064221.0', 'NSA012788', 'PGC032495', 'SSTSL2J105039.98+654338.1', 'UZCJ105039.9+654338', 'NVSSJ105040+654348', '[PVK2003]J162.66602+65.72722', '[TTL2012]374419', 'NGC3394']"
AGC160545,AGC160545,0.011354,"(98.4125, 26.48472)","((6, 33, 39.0), (26, 29, 4.992))","(187.27994100000001, 8.1396940000000004)",3404,3441.38,48.47020346,"['x', 'x', 'x', 'x', 'x']",48.47,4.84,"('x', 'x')","('x', 'x')","('x', 'x')","('x', 'x')",x,x,x,x,"['x', 'x', 'x']",x,x,x,x,[],[],x,x,x,0.1865,x,x,x,x,x,x,x,x,x,x,x,x,x,x,x,x,x,x,"['AGC160545', 'NSA134320', 'HIJ063337.5+262911', 'AGC160545']"
NGC6758,NGC6758,0.011355,"(288.46808, -56.30994)","((19, 13, 52.3392), (-56, 18, 35.784))","(340.57246500000002, -25.318407000000001)",3404,3315.28,46.69414694,"[43.0, 43.6, 8.478, 27.9, 56.0]",43.6,8.47,"(145.9, 119.6)","(7.3, 6.0)","(30.84, 25.29)","(6.0, 4.9)",35.0,36.0,6.0,110,"['K_s (2MASS ""total"")', 'K_s (2MASS ""total"")', 'K_s (2MASS ""total"")']",.E+..*.,134.3232683,0.776247117,121,[],[],E+:            LINER,FJ,x,0.0564,12.5,B (Cousins) (B_T),12.3,B (B_T^0),12.8,B (Cousins) (B_25),x,x,x,x,3.23,2.9,3.95,3.54,2.59,2.33,x,x,"['NGC6758', 'ESO184-G037', 'ESO190943-5623.7', '2MASXJ19135231-5618356', 'GALEXASCJ191352.24-561836.4', 'CGS533', 'SGC190943-5623.7', 'ESO-LV1840370', 'LDCE1328NED018', 'HDCE1063NED005', 'PGC062935', 'SUMSSJ191352-561835', 'Str1908-566:[KUH87]103', 'LGG426:[G93]003', '[DZ2015]047-01', 'NGC6758']"
2MASXJ12110805-2435132,2MASXJ12110805-2435132,0.011355,"(182.7835, -24.587)","((12, 11, 8.04), (-24, 35, 13.2))","(291.38290499999999, 37.379286)",3404,3641.29,51.28582647,"['x', 'x', 'x', 'x', 'x']",51.28,5.12,"(19.9, 10.35)","(0.99, 0.52)","(4.948, 2.573)","(0.49, 0.26)",59.0,61.0,2.0,105,"['K_s (2MASS ""total"")', 'K_s (2MASS ""total"")', 'K_s (2MASS ""total"")']",x,x,x,x,[],[],x,x,x,0.0715,x,x,x,x,x,x,x,x,x,x,x,x,x,x,x,x,x,x,"['2MASXJ12110805-2435132', '6dFJ1211080-243513', 'LEDA788397', '2MASXJ12110805-2435132']"
PGC058608,WKK7198,0.011357,"(249.217, -60.27647)","((16, 36, 52.08), (-60, 16, 35.292))","(327.61463199999997, -8.715052)",3405,3413.77,48.08138592,"['x', 'x', 'x', 'x', 'x']",48.08,4.80,"(81.7, 55.56)","(4.1, 2.8)","(19.04, 12.95)","(1.9, 1.3)",47.0,48.0,4.0,115,"['K_s (2MASS ""total"")', 'K_s (2MASS ""total"")', 'K_s (2MASS ""total"")']",.SBR1?.,90.81367491,0.537031796,x,[],[],SA(r)a:,x,LC I,0.1967,14.6,B_J,14.6,B_J,14.6,B_J,x,x,x,x,0.871,0.401,0.871,0.401,0.871,0.401,x,x,"['WKK7198', '2MASXJ16365206-6016347', 'IRAS16324-6010', 'CSRG0806', 'SGC1632.7-6010', 'LDCE1172NED146', 'HIPASSJ1637-60', 'PGC058608', 'WKK7198']"
6dFJ1447005-164601,6dFJ1447005-164601,0.011357,"(221.752, -16.76681)","((14, 47, 0.48), (-16, 46, 0.516))","(338.83607999999998, 37.918661999999998)",3405,3615.04,50.91615282,"['x', 'x', 'x', 'x', 'x']",50.91,5.09,"('x', 'x')","('x', 'x')","('x', 'x')","('x', 'x')",x,x,x,x,"['x', 'x', 'x']",x,x,x,x,[],[],x,x,x,0.0925,x,x,x,x,x,x,x,x,x,x,x,x,x,x,x,x,x,x,"['6dFJ1447005-164601', '6dFJ1447005-164601']"
SDSSJ114950.02+221252.2,SDSSJ114950.02+221252.2,0.011357,"(177.45844, 22.21453)","((11, 49, 50.0256), (22, 12, 52.308))","(228.93150800000001, 75.180873000000005)",3405,3697.49,52.07740272,"['x', 'x', 'x', 'x', 'x']",52.07,5.20,"(21.2, 11.45)","(0.33, 1.8)","(5.353, 2.891)","(0.63, 0.8)",57.0,59.0,6.0,82,"['r (SDSS Petrosian)', 'r (SDSS Isophotal)', 'r (SDSS Isophotal)']",x,x,x,x,[],[],Extended Src [SDSS],x,x,0.02,x,x,x,x,x,x,17.4,17.054,16.621,16.233,x,x,x,x,x,x,0.0461,0.0212,"['SDSSJ114950.02+221252.2', 'SDSSJ114950.03+221252.3', 'GALEXASCJ114950.00+221252.7', 'ASK631518.0', 'NSA113718', 'LEDA4297897', '[TTL2012]150673', 'SDSSJ114950.02+221252.2']"
UGC03797,UGC03797,0.011358,"(110.01308, 59.3785)","((7, 20, 3.1392), (59, 22, 42.6))","(157.373997, 26.670024000000002)",3405,3496.86,49.25163319,"['x', 'x', 'x', 'x', 'x']",49.25,4.92,"(74.95, 47.97)","(0.83, 7.0)","(17.9, 11.45)","(2.0, 3.0)",50.0,52.0,7.0,56,"['POSS1 103a-O', 'POSS1 103a-O', 'POSS1 103a-O']",x,x,x,x,[],[],SBc,x,x,0.0558,x,x,x,x,x,x,x,x,x,x,x,x,x,x,x,x,x,x,"['UGC03797', 'MCG+10-11-028', 'GALEXASCJ072003.17+592243.0', 'PGC020705', '[RGD2000]J072003.14+592242.6', 'UGC03797']"
H-ATLASJ085920.4+005139,H-ATLASJ085920.4+005139,0.01294,"(134.83533, 0.86087)","((08, 59, 20.48), (+00, 51, 39.1))","(227.98267, 28.56153)",3879,4060.21,57.18606351,"['x', 'x', 'x', 'x', 'x']",57.18,5.71,"('x', 'x')","('x', 'x')","('x', 'x')","('x', 'x')",x,x,x,x,"['x', 'x', 'x']",x,x,x,x,[],[],x,x,x,0.0386,x,x,x,x,x,x,x,x,x,x,x,x,x,x,x,x,x,x,"['SDP02627', 'H-ATLASJ085920.4+005139']"
SBS0335-052,SBS0335-052,0.013519,"(54.43359, -5.0445)","((03, 37, 44.061), (-05, 02, 40.19))","(191.344884, -44.693450)",4053,3850.88,54.23788214,"['x', 'x', 'x', 'x', 'x']",54.23,5.42,"('x', 'x')","('x', 'x')","('x', 'x')","('x', 'x')",x,x,x,x,"['x', 'x', 'x']",x,x,x,x,[],[],Wolf-Rayet Galaxy,x,x,0.0402,17.7,b_J,17.7,b_J,17.7,b_J,x,x,x,x,0.04,0.019,0.04,0.019,0.04,0.019,x,x,"['SBS0335-052', 'SBS0335-052E&W', 'SBS0335-052E', 'GALEXASCJ033744.03-050239.0', 'APMUKS(BJ)B033515.06-051226.7', 'LEDA088140', 'SSTSL2J033744.05-050240.3', 'NVSSJ033744-050230', 'CXOJ033744.0-050239', 'CXOCYJ033744.1-050239', 'CXOMPJ033744.0-050240']"
PGC014905,PGC014905,0.018399,"(65.05783, -63.96517)","((4, 20, 13.8792), (-63, 57, 54.612))","(275.80760099999998, -40.476914999999998)",5516,5388.18,75.88990935,"['x', 'x', 'x', 'x', 'x']",75.88,7.58,"(82.9, 14.92)","(4.1, 0.75)","(30.5, 5.49)","(3.1, 0.55)",80.0,90.0,0.7,70,"['K_s (2MASS ""total"")', 'ESO-LV ""Quick Blue"" IIa-O', 'K_s (2MASS ""total"")']",x,x,x,x,[],[],S...,x,x,0.0311,14.7,B (Cousins) (B_26),14.7,B (Cousins) (B_T),14.7,B (Cousins) (B_25),x,x,x,x,1.27,0.593,1.29,0.604,1.23,0.577,x,x,"['ESO084-GA012', 'ESO041944-6405.0', '2MASXJ04201390-6357548', '2MASXiJ0420139-635754', 'GALEXASCJ042013.94-635753.6', 'IRAS04197-6404', 'IRASF04197-6404', 'AKARIJ0420136-635756', 'ESO-LV0842120', 'MRSS084-195262', 'PGC014905', 'SUMSSJ042013-635757', 'PGC014905']"
H-ATLASJ090520.3-000213,H-ATLASJ090520.3-000213,0.019088,"(136.33479, -0.03712)","((09, 05, 20.35), (-00, 02, 13.6))","(229.74772, 29.38021)",5722,5908.14,83.21326277,"['x', 'x', 'x', 'x', 'x']",83.21,8.32,"('x', 'x')","('x', 'x')","('x', 'x')","('x', 'x')",x,x,x,x,"['x', 'x', 'x']",x,x,x,x,[],[],x,x,x,0.0355,x,x,x,x,x,x,x,x,x,x,x,x,x,x,x,x,x,x,"['SDP06241', 'H-ATLASJ090520.3-000213']"
SDSSJ130350.49+280315.8,2MASXJ13035047+2803159,0.021011,"(195.9604, 28.05442)","((13, 3, 50.496), (28, 3, 15.912))","(52.268805999999998, 87.100020000000001)",6299,6585.31,92.75084717,"['x', 'x', 'x', 'x', 'x']",92.75,9.27,"(30.4, 12.77)","(1.5, 0.64)","(13.67, 5.741)","(1.4, 0.57)",65.0,68.0,2.0,170,"['K_s (2MASS ""total"")', 'K_s (2MASS ""total"")', 'K_s (2MASS ""total"")']",x,x,x,x,[],[],x,x,x,0.0088,x,x,x,x,x,x,17.1,16.677,16.065,15.556,x,x,x,x,x,x,0.19,0.0877,"['2MASXJ13035047+2803159', '2MASXiJ1303504+280315', 'SDSSJ130350.49+280315.8', 'SDSSJ130350.49+280315.9', 'GALEXASCJ130350.67+280315.0', 'GALEXMSCJ130350.56+280316.2', 'ASK580683.0', 'MAPS-NGPO_323_0932583', 'NGP9F323-0936318', 'NSA104268', 'LEDA093704', 'ABELL1656:[GMP83]0743', '[KK90]225', '[TTL2012]353946', '2MASXJ13035047+2803159']"
ISOSSJ00075-7211,PGC000588,0.021171,"(1.90779, -72.19828)","((0, 7, 37.8696), (-72, 11, 53.808))","(307.60518200000001, -44.530233000000003)",6347,6194.00,87.23947785,"['x', 'x', 'x', 'x', 'x']",87.23,8.72,"(71.9, 14.38)","(3.6, 0.72)","(30.41, 6.082)","(3.0, 0.61)",78.0,90.0,0.8,55,"['K_s (2MASS ""total"")', 'K_s (2MASS ""total"")', 'K_s (2MASS ""total"")']",x,x,x,x,[],[],S...,x,x,0.0246,15.6,B (Cousins) (B_26),15.6,B (Cousins) (B_T),15.9,B_J (SERC IIIa-J),x,x,x,x,0.679,0.318,0.692,0.324,0.53,0.244,x,x,"['ESO050-GA005', 'ESO000509-7228.6', 'AM0005-722NED02', 'FAIRALL1208', '2MFGC00108', '2MASXJ00073789-7211534', '2MASXiJ0007373-721156', 'IRAS00051-7228', 'IRASF00051-7228', 'ISOSSJ00075-7211', 'ESO-LV0502050', '6dFJ0007379-721154', 'PGC000588', 'SUMSSJ000737-721157', 'SUMSSJ000737-721158', '[SLK2004]0013', 'PGC000588']"
MCG-06-07-003,PGC010291,0.021648,"(40.78646, -32.80197)","((2, 43, 8.7504), (-32, 48, 7.092))","(232.95962, -65.228140999999994)",6490,6249.88,88.02651158,"['x', 'x', 'x', 'x', 'x']",88.02,8.80,"(80.3, 48.18)","(4.0, 2.4)","(34.27, 20.56)","(3.4, 2.1)",53.0,55.0,3.0,5,"['K_s (2MASS ""total"")', 'POSS1 103a-E', 'K_s (2MASS ""total"")']",x,x,x,x,[],[],Sc:,x,x,0.0176,14.3,B (Cousins) (B_T),14.3,B (Cousins) (B_26),14.4,B (Cousins) (B_25),x,x,x,x,2.2,1.03,2.2,1.03,2.14,1.0,x,x,"['ESO356-G009', 'ESO024103-3300.9', 'MCG-06-07-003', '2MASXJ02430874-3248071', '2MASXiJ0243087-324807', 'IRAS02410-3300', 'IRASF02410-3300', 'ESO-LV3560090', '2MIG0323', 'APMBGC356+079-110', 'GSC701400048', 'MRSS356-088258', 'PGC010291', 'NVSSJ024308-324813', 'PGC010291']"
2MASXJ13094664-5753480,2MASXJ13094664-5753480,0.022069,"(197.44417, -57.89675)","((13, 09, 46.60), (-57, 53, 48.3))","(305.375470, 4.888037)",6616,6711.82,94.53280665,"['x', 'x', 'x', 'x', 'x']",94.53,9.45,"(37.3, 28.35)","(1.9, 1.4)","(17.09, 12.99)","(1.7, 1.3)",41.0,42.0,5.0,95,"['K_s (2MASS ""total"")', 'K_s (2MASS ""total"")', 'K_s (2MASS ""total"")']",x,x,x,x,[],[],x,x,x,0.3919,x,x,x,x,x,x,x,x,x,x,x,x,x,x,x,x,x,x,"['LEDA4584407', '2MASXJ13094664-5753480']"
2MASXJ13105161-5804479,2MASXJ13105161-5804479,0.022502,"(197.71508, -58.08006)","((13, 10, 51.62), (-58, 04, 48.2))","(305.505676, 4.694673)",6746,6840.79,96.34928099,"['x', 'x', 'x', 'x', 'x']",96.34,9.63,"(33.3, 22.64)","(1.7, 1.1)","(15.55, 10.58)","(1.6, 1.1)",47.0,48.0,4.0,40,"['K_s (2MASS ""total"")', 'K_s (2MASS ""total"")', 'K_s (2MASS ""total"")']",x,x,x,x,[],[],x,x,x,0.4244,x,x,x,x,x,x,x,x,x,x,x,x,x,x,x,x,x,x,"['2MASXJ13105161-5804479', 'LEDA4584409']"
PGC003154,PGC003154,0.022612,"(13.39779, -69.59481)","((0, 53, 35.4696), (-69, 35, 41.316))","(302.65385199999997, -47.532176)",6779,6614.80,93.16624394,"['x', 'x', 'x', 'x', 'x']",93.16,9.31,"(80.2, 16.04)","(4.0, 0.8)","(36.22, 7.245)","(3.6, 0.72)",78.0,90.0,0.8,65,"['K_s (2MASS ""total"")', 'ESO-LV ""Quick Blue"" IIa-O', 'K_s (2MASS ""total"")']",x,x,x,x,[],[],S...,x,x,0.0201,15.6,B (Cousins) (B_26),15.6,B (Cousins) (B_T),15.7,B (Cousins) (B_25),x,x,x,x,0.772,0.361,0.801,0.375,0.737,0.345,x,x,"['ESO051-GA006', 'ESO005144-6951.9', '2MFGC00646', '2MASXJ00533544-6935413', '2MASXiJ0053354-693541', 'GALEXASCJ005335.63-693540.9', 'IRAS00517-6951', 'IRASF00516-6952', 'ESO-LV0512060', '6dFJ0053355-693541', 'MRSS051-215715', 'PGC003154', 'PGC003154']"
2MASXJ03030449+2733462,2MASXJ03030449+2733462,0.023159,"(45.76871, 27.56272)","((03, 03, 04.49), (+27, 33, 45.8))","(155.599388, -26.832235)",6943,6772.58,95.38856251,"['x', 'x', 'x', 'x', 'x']",95.38,9.53,"(23.9, 20.08)","(1.2, 1.0)","(11.05, 9.284)","(1.1, 0.93)",33.0,34.0,6.0,155,"['K_s (2MASS ""total"")', 'K_s (2MASS ""total"")', 'K_s (2MASS ""total"")']",x,x,x,x,[],[],x,x,x,0.1591,x,x,x,x,x,x,x,x,x,x,x,x,x,x,x,x,x,x,"['2MASXJ03030449+2733462', '2MASXiJ0303044+273346', '2MASXiJ0303045+273346', 'GALEXASCJ030304.42+273346.0', 'ALFALFA2-293', 'AGC131361', 'NSA170254', 'LEDA1811746', 'SSTSL2J030304.58+273344.9']"
2MASXJ06202388-6353506,2MASXJ06202388-6353506,0.02368,"(95.09971, -63.89744)","((06, 20, 23.93), (-63, 53, 50.8))","(273.482522, -27.538569)",7099,7034.92,99.08343214,"['x', 'x', 'x', 'x', 'x']",99.08,9.90,"(50.7, 23.32)","(2.5, 1.2)","(24.35, 11.2)","(2.4, 1.1)",63.0,65.0,2.0,10,"['K_s (2MASS ""total"")', 'K_s (2MASS ""total"")', 'K_s (2MASS ""total"")']",x,x,x,x,[],[],x,x,x,0.0394,x,x,x,x,x,x,x,x,x,x,x,x,x,x,x,x,x,x,"['2MASXJ06202388-6353506', '2MASXiJ0620238-635350', 'IRAS06200-6352', 'IRASF06201-6352', 'AKARIJ0620241-635350', 'LEDA165459', 'SUMSSJ062022-635350', '[FHS95]A0620-6352']"
2MASXJ13112359-5755471,2MASXJ13112359-5755471,0.02375,"(197.8485, -57.92972)","((13, 11, 23.64), (-57, 55, 47.0))","(305.587963, 4.839147)",7120,7215.46,101.626228,"['x', 'x', 'x', 'x', 'x']",101.62,10.16,"(14.7, 11.76)","(0.73, 0.59)","(7.243, 5.794)","(0.72, 0.58)",37.0,38.0,5.0,40,"['K_s (2MASS ""total"")', 'K_s (2MASS ""total"")', 'K_s (2MASS ""total"")']",x,x,x,x,[],[],x,x,x,0.4005,x,x,x,x,x,x,x,x,x,x,x,x,x,x,x,x,x,x,"['LEDA4584411', '2MASXJ13112359-5755471']"
2MASXJ13104152-5805140,2MASXJ13104152-5805140,0.024233,"(197.67308, -58.08717)","((13, 10, 41.54), (-58, 05, 13.8))","(305.482923, 4.689253)",7265,7359.78,103.6589543,"['x', 'x', 'x', 'x', 'x']",103.65,10.36,"(31.3, 21.91)","(1.6, 1.1)","(15.73, 11.01)","(1.6, 1.1)",46.0,47.0,4.0,60,"['K_s (2MASS ""total"")', 'K_s (2MASS ""total"")', 'K_s (2MASS ""total"")']",x,x,x,x,[],[],x,x,x,0.4297,x,x,x,x,x,x,x,x,x,x,x,x,x,x,x,x,x,x,"['2MASXJ13104152-5805140', 'LEDA4584408']"
PGC013393,PGC013393,0.024827,"(54.50054, -70.46569)","((3, 38, 0.1296), (-70, 27, 56.484))","(285.890174, -40.702306999999998)",7443,7313.94,103.0132873,"['x', 'x', 'x', 'x', 'x']",103.01,10.30,"(58.4, 29.2)","(2.9, 1.5)","(29.17, 14.58)","(2.9, 1.5)",60.0,62.0,2.0,127,"['K_s (2MASS ""total"")', 'ESO-LV ""Quick Blue"" IIa-O', 'ESO-LV ""Quick Blue"" IIa-O']",x,x,x,x,[],[],SB?b,x,x,0.03,15.9,B (Cousins) (B_26),15.8,B (Cousins) (B_T),16.0,B (Cousins) (B_25),x,x,x,x,0.778,0.364,0.815,0.381,0.71,0.332,x,x,"['ESO054-GA014', 'ESO033759-7037.6', '2MASXJ03380013-7027565', '2MASXiJ0338001-702756', 'GALEXASCJ033759.87-702757.0', 'IRASF03380-7037', 'ESO-LV0542140', '6dFJ0338001-702757', 'MRSS054-053755', 'PGC013393', 'PGC013393']"
2MFGC12885,2MFGC12885,0.025844,"(240.84396, -33.79875)","((16, 3, 22.5504), (-33, 47, 55.5))","(342.44172400000002, 13.967416999999999)",7748,7853.25,110.6092598,"['x', 'x', 'x', 'x', 'x']",110.60,11.06,"(74.9, 25.47)","(3.7, 1.3)","(40.17, 13.66)","(4.0, 1.4)",70.0,74.0,1.0,80,"['K_s (2MASS ""total"")', 'K_s (2MASS ""total"")', 'K_s (2MASS ""total"")']",x,x,x,x,[],[],Sb             HII,x,x,0.2821,x,x,x,x,x,x,x,x,x,x,x,x,x,x,x,x,x,x,"['2MFGC12885', '2MASXJ16032256-3347551', '2MASXiJ1603225-334755', 'DENIS-PJ160322.3-334758', 'IRAS16001-3339', 'IRASF16001-3339', '6dFJ1603226-334756', 'LDCE1167NED003', 'HDCE0932NED003', 'LEDA090230', 'NVSSJ160322-334756', 'SUMSSJ160322-334756', '2MFGC12885']"
2MASXJ14015457-5658379,2MASXJ14015457-5658379,0.026678,"(210.47742, -56.97717)","((14, 01, 54.58), (-56, 58, 37.8))","(312.456791, 4.585710)",7998,8087.61,113.9100607,"['x', 'x', 'x', 'x', 'x']",113.91,11.39,"(35.2, 19.71)","(1.8, 0.99)","(19.44, 10.89)","(1.9, 1.1)",56.0,58.0,3.0,175,"['K_s (2MASS ""total"")', 'K_s (2MASS ""total"")', 'K_s (2MASS ""total"")']",x,x,x,x,[],[],x,x,x,0.4483,x,x,x,x,x,x,x,x,x,x,x,x,x,x,x,x,x,x,"['2MASXJ14015457-5658379', 'LEDA4585311']"
PGC009864,PGC009864,0.027579,"(38.94925, -74.24194)","((2, 35, 47.82), (-74, 14, 30.984))","(293.82799199999999, -40.989190999999998)",8268,8136.16,114.5938122,"[85.9, 85.9, 21.632, 85.9, 85.9]",85.9,21.63,"(92.3, 18.46)","(4.6, 0.92)","(38.44, 7.688)","(9.7, 1.9)",78.0,90.0,0.8,95,"['K_s (2MASS ""total"")', 'ESO-LV ""Quick Blue"" IIa-O', 'K_s (2MASS ""total"")']",x,x,x,x,[],[],S...,FP,x,0.0437,14.8,B (Cousins) (B_26),14.7,B (Cousins) (B_T),14.8,B (Cousins) (B_25),x,x,x,x,1.54,1.78,1.58,1.83,1.47,1.7,x,x,"['ESO030-GA017', 'ESO023544-7427.6', '2MASXJ02354784-7414310', 'GALEXASCJ023547.83-741431.9', 'IRAS02357-7427', 'IRASF02357-7427', 'ESO-LV0302170', '2MIG0305', '6dFJ0235477-741431', '6dFJ0235478-741431', '6dFGSv01285', 'PGC009864', 'SUMSSJ023549-741420', 'PGC009864']"
[CWF2012]J327.594666-05.74865,[CWF2012]J327.594666-05.74865,0.0276,"(327.59467, -5.74866)","((21, 50, 22.720), (-05, 44, 55.16))","(50.970318, -41.984057)",8274,8041.79,113.2646752,"['x', 'x', 'x', 'x', 'x']",113.26,11.32,"('x', 'x')","('x', 'x')","('x', 'x')","('x', 'x')",x,x,x,x,"['x', 'x', 'x']",x,x,x,x,[],[],x,x,x,0.0329,x,x,x,x,x,x,x,x,x,x,x,x,x,x,x,x,x,x,['[CWF2012]J327.594666-05.74865']
2MASXiJ2041593-152751,2MASXiJ2041593-152751,0.028119,"(310.49771, -15.46342)","((20, 41, 59.45), (-15, 27, 48.3))","(30.690136, -31.297624)",8430,8255.68,116.2771919,"['x', 'x', 'x', 'x', 'x']",116.27,11.62,"('x', 'x')","('x', 'x')","('x', 'x')","('x', 'x')",x,x,x,x,"['x', 'x', 'x']",x,x,x,x,[],[],x,x,x,0.0405,x,x,x,x,x,x,x,x,x,x,x,x,x,x,x,x,x,x,"['2MASXiJ2041593-152751', 'GALEXASCJ204159.42-152746.6', '6dFJ2041595-152748', 'NSA171550']"
PGC060828,PGC060828,0.02903,"(266.56329, -55.18417)","((17, 46, 15.1896), (-55, 11, 3.012))","(337.21917100000002, -13.401574)",8703,8677.49,122.2182239,"[114.0, 114.0, 23.029, 114.0, 114.0]",114.0,23.02,"(104.1, 54.13)","(5.2, 2.7)","(57.53, 29.92)","(12.0, 6.0)",59.0,61.0,2.0,95,"['K_s (2MASS ""total"")', 'K_s (2MASS ""total"")', 'K_s (2MASS ""total"")']",x,x,x,x,[],[],SB(r)a,FP,x,0.1026,x,x,x,x,x,x,x,x,x,x,x,x,x,x,x,x,x,x,"['ESO181-GA004', 'ESO174203-5509.8', '2MASXJ17461516-5511032', 'DENISJ174614.9-551103', 'SGC174203-5509.8', '6dFJ1746151-551103', '6dFJ1746152-551103', '6dFGSv08802', 'PGC060828', 'PGC060828']"
QP131,QP131,0.02952,"(3.48133, -35.39406)","((00, 13, 55.52), (-35, 23, 38.6))","(344.699879, -78.497133)",8850,8573.15,120.7486378,"['x', 'x', 'x', 'x', 'x']",120.74,12.07,"(62.1, 22.36)","(3.1, 1.1)","(36.35, 13.09)","(3.6, 1.3)",69.0,72.0,2.0,20,"['K_s (2MASS ""total"")', 'K_s (2MASS ""total"")', 'K_s (2MASS ""total"")']",x,x,x,x,[],[],x,x,x,0.0121,x,x,x,x,x,x,x,x,x,x,x,x,x,x,x,x,x,x,"['QP131', '2MASXiJ0013555-352338', '2MASXJ00135552-3523386']"
6dFJ2117218-355401,6dFJ2117218-355401,0.029797,"(319.34125, -35.90028)","((21, 17, 21.9), (-35, 54, 1.008))","(8.0370190000000008, -44.108173000000001)",8933,8733.43,123.0061958,"['x', 'x', 'x', 'x', 'x']",123.00,12.30,"('x', 'x')","('x', 'x')","('x', 'x')","('x', 'x')",x,x,x,x,"['x', 'x', 'x']",x,x,x,x,[],[],HII,x,x,0.0578,x,x,x,x,x,x,x,x,x,x,x,x,x,x,x,x,x,x,"['6dFJ2117218-355401', '6dFJ2117219-355401', '6dFJ2117218-355401']"
SOS185924,SOS185924,0.029817,"(202.31113, -31.98858)","((13, 29, 14.6712), (-31, 59, 18.888))","(312.20582899999999, 30.201485999999999)",8939,9142.36,128.765768,"['x', 'x', 'x', 'x', 'x']",128.76,12.87,"('x', 'x')","('x', 'x')","('x', 'x')","('x', 'x')",x,x,x,x,"['x', 'x', 'x']",x,x,x,x,[],[],S1             ELG,x,x,0.0418,x,x,x,x,x,x,x,x,x,x,x,x,x,x,x,x,x,x,"['SOS185924', 'ABELL3558:[MGP94]2400', 'ABELL3558:[KMD98]060', 'SOS185924']"
UGC02608S,UGC02612,0.031812,"(48.81079, 41.98067)","((3, 15, 14.5896), (41, 58, 50.412))","(149.58045799999999, -13.330574)",9537,9420.45,132.6824857,"['x', 'x', 'x', 'x', 'x']",132.68,13.26,"('x', 'x')","('x', 'x')","('x', 'x')","('x', 'x')",x,x,x,x,"['x', 'x', 'x']",.S..6*.,48.76983097,0.831763771,110,[],[],Scd:,x,LC III-IV,0.1375,x,x,x,x,x,x,x,x,x,x,x,x,x,x,x,x,x,x,"['UGC02608S', 'UGC02612', 'CGCG540-065', 'CGCG0311.9+4148', 'MCG+07-07-038', '2MASXJ03151459+4158505', '2MASXiJ0315146+415850', 'PGC012089', 'SSTSL2J031514.56+415850.3', 'UZCJ031514.4+415849', '[WZX98]03117+4151B', 'ABELL0426:[BM99]069', 'UGC02612']"
